id,first_name,last_name,email,phone,gender,ip_address
1,Erika,McDougle,emcdougle0@about.me,889-278-2322,Female,80.52.25.231
2,Clarence,Horning,chorning1@wikia.com,787-714-4713,Male,245.3.29.212
3,Jillana,Texton,jtexton2@imgur.com,342-745-9377,Female,167.165.113.215
4,Zonnya,Forsythe,zforsythe3@github.io,673-666-2859,Female,134.129.129.231
5,Waldemar,Baulcombe,wbaulcombe4@ebay.co.uk,603-273-6046,Male,117.43.53.151
6,Maryanna,Ruse,mruse5@163.com,991-236-3458,Female,115.14.171.135
7,Valerie,Yele,vyele6@dagondesign.com,340-780-2200,Female,136.112.36.68
8,Gav,Mendenhall,gmendenhall7@princeton.edu,255-191-6177,Male,210.211.154.87
9,Kermit,Byrkmyr,kbyrkmyr8@hugedomains.com,785-898-4336,Male,153.179.35.39
10,Boycey,Gregr,bgregr9@blinklist.com,148-790-9485,Male,218.42.119.224
